user_id,content_id,watch_seconds,rating,popularity
1,786892,5954,7.634,1125.287
1,799583,4844,7.153,1310.223
1,519182,5006,7.274,3609.102
1,1309923,3261,6.113,1119.134
1,799583,4403,7.153,1310.223
1,823464,4961,7.192,785.266
1,1022789,4818,7.627,3423.663
1,748783,4347,7.19,1381.398
1,1242372,4963,7.5,929.462
1,1048241,3581,6.714,800.942
1,1309923,3240,6.113,1119.134
1,1022789,5043,7.627,3423.663
2,1242372,4846,7.5,929.462
2,519182,3907,7.274,3609.102
2,1048241,3702,6.714,800.942
3,1048241,4466,6.714,800.942
3,1022789,4914,7.627,3423.663
3,786892,4647,7.634,1125.287
3,1048241,4195,6.714,800.942
3,1209290,4366,7.534,1019.14
3,748783,4784,7.19,1381.398
3,573435,4383,7.66,4076.189
3,799583,4160,7.153,1310.223
3,1242372,4806,7.5,929.462
3,1048241,3349,6.714,800.942
3,293660,4521,7.619,729.267
3,748783,4349,7.19,1381.398
3,974262,4031,7.009,844.835
3,519182,4816,7.274,3609.102
3,823464,4393,7.192,785.266
3,653346,5094,7.169,1199.592
3,533535,5330,7.904,14413.653
3,786892,5295,7.634,1125.287
3,799583,4060,7.153,1310.223
4,533535,4587,7.904,14413.653
4,1309923,3484,6.113,1119.134
4,974262,3974,7.009,844.835
4,519182,4700,7.274,3609.102
4,1022789,5109,7.627,3423.663
4,974262,4654,7.009,844.835
4,762441,4507,6.988,3508.073
4,653346,4186,7.169,1199.592
4,519182,4753,7.274,3609.102
4,293660,5559,7.619,729.267
4,823464,3804,7.192,785.266
4,748783,5250,7.19,1381.398
4,533535,5376,7.904,14413.653
4,1022789,5310,7.627,3423.663
4,1309923,3742,6.113,1119.134
4,293660,5433,7.619,729.267
4,573435,4592,7.66,4076.189
4,653346,4229,7.169,1199.592
4,786892,5170,7.634,1125.287
4,653346,4949,7.169,1199.592
5,762441,3766,6.988,3508.073
5,823464,3855,7.192,785.266
5,653346,3577,7.169,1199.592
5,1022789,5164,7.627,3423.663
5,573435,4954,7.66,4076.189
5,823464,5363,7.192,785.266
5,1022789,5339,7.627,3423.663
5,519182,4388,7.274,3609.102
5,762441,4719,6.988,3508.073
5,823464,4565,7.192,785.266
5,533535,4187,7.904,14413.653
5,293660,4445,7.619,729.267
5,519182,5399,7.274,3609.102
5,533535,5157,7.904,14413.653
5,1209290,4661,7.534,1019.14
5,573435,4051,7.66,4076.189
5,573435,4544,7.66,4076.189
6,974262,4879,7.009,844.835
7,1209290,5407,7.534,1019.14
7,974262,4304,7.009,844.835
7,653346,4665,7.169,1199.592
7,653346,4533,7.169,1199.592
7,519182,4229,7.274,3609.102
7,519182,4229,7.274,3609.102
7,1209290,3756,7.534,1019.14
7,823464,4686,7.192,785.266
7,799583,3868,7.153,1310.223
7,1022789,5061,7.627,3423.663
7,1309923,4018,6.113,1119.134
7,1209290,5142,7.534,1019.14
7,1209290,4890,7.534,1019.14
7,293660,4100,7.619,729.267
7,1066262,4204,6.6,1642.814
7,1022789,4321,7.627,3423.663
7,573435,4885,7.66,4076.189
8,1242372,4434,7.5,929.462
8,974262,4699,7.009,844.835
8,519182,4680,7.274,3609.102
8,786892,4531,7.634,1125.287
8,573435,4150,7.66,4076.189
8,519182,4288,7.274,3609.102
8,823464,3811,7.192,785.266
8,1022789,4567,7.627,3423.663
8,823464,4240,7.192,785.266
8,573435,4332,7.66,4076.189
8,573435,4926,7.66,4076.189
8,1209290,4305,7.534,1019.14
8,533535,5559,7.904,14413.653
8,1242372,4897,7.5,929.462
8,1048241,4143,6.714,800.942
8,653346,5097,7.169,1199.592
8,1209290,4896,7.534,1019.14
8,533535,4989,7.904,14413.653
9,762441,3920,6.988,3508.073
9,974262,3813,7.009,844.835
9,573435,5585,7.66,4076.189
9,573435,4708,7.66,4076.189
9,974262,3370,7.009,844.835
9,573435,4031,7.66,4076.189
9,1242372,5146,7.5,929.462
9,762441,4443,6.988,3508.073
9,293660,5316,7.619,729.267
9,786892,4595,7.634,1125.287
9,748783,4585,7.19,1381.398
9,786892,3739,7.634,1125.287
9,533535,5101,7.904,14413.653
9,1209290,4566,7.534,1019.14
9,653346,4030,7.169,1199.592
9,1242372,5064,7.5,929.462
9,974262,4394,7.009,844.835
9,533535,5106,7.904,14413.653
9,533535,4446,7.904,14413.653
9,1022789,4621,7.627,3423.663
10,762441,4115,6.988,3508.073
10,1309923,3402,6.113,1119.134
10,533535,5555,7.904,14413.653
10,573435,5837,7.66,4076.189
10,293660,5253,7.619,729.267
10,762441,4089,6.988,3508.073
10,1066262,3698,6.6,1642.814
10,786892,4586,7.634,1125.287
10,974262,4306,7.009,844.835
10,293660,4296,7.619,729.267
10,762441,3896,6.988,3508.073
10,1209290,3680,7.534,1019.14
10,293660,4948,7.619,729.267
11,823464,3860,7.192,785.266
12,974262,4437,7.009,844.835
12,1311550,3613,5.65,1688.764
12,519182,4317,7.274,3609.102
12,1242372,4808,7.5,929.462
12,748783,4001,7.19,1381.398
13,533535,4812,7.904,14413.653
13,1209290,5205,7.534,1019.14
13,1048241,4137,6.714,800.942
13,857553,2476,4.5,843.312
13,1048241,4192,6.714,800.942
14,1066262,4240,6.6,1642.814
14,974262,3900,7.009,844.835
14,519182,5231,7.274,3609.102
14,653346,4399,7.169,1199.592
14,533535,3986,7.904,14413.653
14,786892,4484,7.634,1125.287
14,1311550,3413,5.65,1688.764
14,533535,5619,7.904,14413.653
14,1022789,5008,7.627,3423.663
14,519182,4681,7.274,3609.102
14,293660,5111,7.619,729.267
14,1066262,5249,6.6,1642.814
14,1022789,4858,7.627,3423.663
14,1066262,4335,6.6,1642.814
14,293660,5039,7.619,729.267
14,1242372,3949,7.5,929.462
14,1242372,4071,7.5,929.462
14,786892,4458,7.634,1125.287
14,799583,3154,7.153,1310.223
14,799583,4321,7.153,1310.223
15,533535,5919,7.904,14413.653
15,1242372,4610,7.5,929.462
15,1209290,4858,7.534,1019.14
15,762441,4749,6.988,3508.073
15,519182,5572,7.274,3609.102
15,748783,4785,7.19,1381.398
15,786892,4056,7.634,1125.287
15,1209290,4818,7.534,1019.14
15,857553,2351,4.5,843.312
15,533535,5640,7.904,14413.653
15,974262,3646,7.009,844.835
15,653346,5314,7.169,1199.592
15,786892,5039,7.634,1125.287
15,786892,5693,7.634,1125.287
15,762441,4191,6.988,3508.073
15,533535,5202,7.904,14413.653
15,786892,4832,7.634,1125.287
15,748783,5143,7.19,1381.398
15,1048241,4152,6.714,800.942
15,1048241,3444,6.714,800.942
16,786892,4148,7.634,1125.287
16,1048241,3622,6.714,800.942
16,1309923,3111,6.113,1119.134
16,1022789,4719,7.627,3423.663
16,748783,4887,7.19,1381.398
16,823464,4104,7.192,785.266
16,857553,2459,4.5,843.312
16,823464,4208,7.192,785.266
16,762441,4710,6.988,3508.073
16,1152624,2789,4.952,738.736
16,1242372,4516,7.5,929.462
16,533535,5788,7.904,14413.653
16,786892,4741,7.634,1125.287
16,293660,4532,7.619,729.267
16,799583,4431,7.153,1310.223
16,1209290,3748,7.534,1019.14
16,1022789,4285,7.627,3423.663
16,519182,4179,7.274,3609.102
16,786892,3993,7.634,1125.287
18,1242372,4844,7.5,929.462
18,762441,3778,6.988,3508.073
18,1242372,4770,7.5,929.462
18,762441,3649,6.988,3508.073
18,1022789,4911,7.627,3423.663
18,1209290,4751,7.534,1019.14
18,762441,4309,6.988,3508.073
18,748783,4689,7.19,1381.398
18,293660,3685,7.619,729.267
18,1242372,4569,7.5,929.462
18,533535,5385,7.904,14413.653
18,1048241,3915,6.714,800.942
18,823464,3661,7.192,785.266
18,573435,4803,7.66,4076.189
18,519182,4547,7.274,3609.102
18,1209290,4601,7.534,1019.14
19,1209290,4946,7.534,1019.14
19,573435,4538,7.66,4076.189
19,573435,5704,7.66,4076.189
19,974262,4901,7.009,844.835
19,533535,4319,7.904,14413.653
19,762441,3960,6.988,3508.073
19,519182,3866,7.274,3609.102
19,1022789,5294,7.627,3423.663
19,1066262,3820,6.6,1642.814
19,653346,4603,7.169,1199.592
19,974262,3863,7.009,844.835
19,974262,4582,7.009,844.835
19,293660,4423,7.619,729.267
19,1242372,3884,7.5,929.462
19,1309923,3342,6.113,1119.134
19,1209290,5182,7.534,1019.14
19,748783,4842,7.19,1381.398
19,799583,4810,7.153,1310.223
19,974262,3843,7.009,844.835
19,762441,4062,6.988,3508.073
20,1242372,4306,7.5,929.462
20,533535,4452,7.904,14413.653
20,573435,4579,7.66,4076.189
20,1311550,3385,5.65,1688.764
20,823464,4486,7.192,785.266
20,786892,4766,7.634,1125.287
20,1311550,3110,5.65,1688.764
20,1242372,4561,7.5,929.462
20,533535,5422,7.904,14413.653
20,762441,5088,6.988,3508.073
20,293660,4282,7.619,729.267
20,1022789,4601,7.627,3423.663
21,1152624,2956,4.952,738.736
21,573435,4462,7.66,4076.189
21,573435,4226,7.66,4076.189
21,786892,4310,7.634,1125.287
21,293660,4407,7.619,729.267
21,1022789,4646,7.627,3423.663
21,974262,3996,7.009,844.835
21,786892,4354,7.634,1125.287
21,1022789,4827,7.627,3423.663
21,974262,4172,7.009,844.835
21,1022789,4575,7.627,3423.663
21,573435,3887,7.66,4076.189
22,1048241,3542,6.714,800.942
22,748783,4061,7.19,1381.398
22,974262,3744,7.009,844.835
22,293660,5190,7.619,729.267
22,1311550,3645,5.65,1688.764
22,748783,4452,7.19,1381.398
22,1209290,4808,7.534,1019.14
22,799583,4003,7.153,1310.223
22,1022789,4934,7.627,3423.663
22,786892,4627,7.634,1125.287
22,1048241,4240,6.714,800.942
22,293660,4850,7.619,729.267
22,1242372,5114,7.5,929.462
22,1066262,4399,6.6,1642.814
22,293660,5006,7.619,729.267
22,1209290,5124,7.534,1019.14
22,533535,5013,7.904,14413.653
23,762441,4170,6.988,3508.073
23,519182,5394,7.274,3609.102
24,533535,4736,7.904,14413.653
24,799583,3634,7.153,1310.223
24,653346,4918,7.169,1199.592
24,748783,4534,7.19,1381.398
24,748783,3537,7.19,1381.398
24,1242372,3800,7.5,929.462
24,1209290,4566,7.534,1019.14
24,799583,4855,7.153,1310.223
24,1066262,4148,6.6,1642.814
24,293660,4065,7.619,729.267
24,519182,4479,7.274,3609.102
24,823464,4740,7.192,785.266
25,762441,5056,6.988,3508.073
25,573435,5146,7.66,4076.189
25,823464,4613,7.192,785.266
25,974262,4749,7.009,844.835
25,533535,5159,7.904,14413.653
25,653346,4305,7.169,1199.592
25,786892,4337,7.634,1125.287
25,762441,4988,6.988,3508.073
25,1309923,4029,6.113,1119.134
25,519182,4893,7.274,3609.102
25,1209290,4841,7.534,1019.14
25,1152624,2982,4.952,738.736
25,823464,4274,7.192,785.266
26,573435,4995,7.66,4076.189
26,762441,4127,6.988,3508.073
26,1066262,3979,6.6,1642.814
26,653346,4728,7.169,1199.592
26,573435,3634,7.66,4076.189
26,293660,4979,7.619,729.267
26,293660,4790,7.619,729.267
26,573435,4897,7.66,4076.189
26,799583,4138,7.153,1310.223
26,1209290,5514,7.534,1019.14
26,857553,2263,4.5,843.312
26,1309923,3576,6.113,1119.134
26,1048241,4086,6.714,800.942
26,1022789,4918,7.627,3423.663
26,1309923,3752,6.113,1119.134
26,1309923,3653,6.113,1119.134
26,1209290,5249,7.534,1019.14
26,762441,4223,6.988,3508.073
26,1242372,5673,7.5,929.462
27,533535,5381,7.904,14413.653
27,786892,4868,7.634,1125.287
27,786892,4742,7.634,1125.287
27,1022789,4838,7.627,3423.663
27,1022789,3387,7.627,3423.663
27,653346,4820,7.169,1199.592
27,857553,2260,4.5,843.312
28,823464,4612,7.192,785.266
28,974262,5037,7.009,844.835
28,1242372,4842,7.5,929.462
28,786892,4857,7.634,1125.287
28,823464,4120,7.192,785.266
28,533535,4300,7.904,14413.653
28,533535,5590,7.904,14413.653
28,974262,4370,7.009,844.835
28,533535,5317,7.904,14413.653
28,519182,3747,7.274,3609.102
28,533535,5770,7.904,14413.653
28,533535,3904,7.904,14413.653
28,974262,4185,7.009,844.835
28,1022789,4811,7.627,3423.663
28,762441,4994,6.988,3508.073
28,573435,4711,7.66,4076.189
28,1209290,4565,7.534,1019.14
28,293660,4771,7.619,729.267
28,1309923,2991,6.113,1119.134
29,1309923,3420,6.113,1119.134
29,1242372,4255,7.5,929.462
29,1209290,4335,7.534,1019.14
29,823464,4591,7.192,785.266
29,786892,4848,7.634,1125.287
29,1152624,2686,4.952,738.736
29,786892,5412,7.634,1125.287
29,1048241,3987,6.714,800.942
29,519182,4353,7.274,3609.102
29,653346,4527,7.169,1199.592
29,1242372,4623,7.5,929.462
29,823464,4888,7.192,785.266
29,748783,4472,7.19,1381.398
29,823464,4915,7.192,785.266
29,799583,4138,7.153,1310.223
29,1242372,4897,7.5,929.462
32,1022789,3730,7.627,3423.663
32,1242372,4835,7.5,929.462
32,1022789,5874,7.627,3423.663
32,1309923,4206,6.113,1119.134
32,1022789,5252,7.627,3423.663
33,786892,4408,7.634,1125.287
33,1066262,4091,6.6,1642.814
33,1066262,4326,6.6,1642.814
33,762441,4370,6.988,3508.073
33,293660,4555,7.619,729.267
33,519182,4419,7.274,3609.102
33,786892,4776,7.634,1125.287
33,1311550,2820,5.65,1688.764
33,293660,4904,7.619,729.267
34,799583,4612,7.153,1310.223
34,1309923,3604,6.113,1119.134
34,974262,4444,7.009,844.835
34,786892,4984,7.634,1125.287
34,1209290,5537,7.534,1019.14
34,573435,4722,7.66,4076.189
34,293660,5227,7.619,729.267
34,799583,3927,7.153,1310.223
34,1242372,5426,7.5,929.462
34,799583,4158,7.153,1310.223
34,533535,5103,7.904,14413.653
34,748783,4574,7.19,1381.398
34,573435,5270,7.66,4076.189
34,533535,4160,7.904,14413.653
34,1242372,4856,7.5,929.462
35,1022789,4558,7.627,3423.663
35,1209290,4783,7.534,1019.14
35,1209290,5237,7.534,1019.14
35,762441,4355,6.988,3508.073
35,823464,4690,7.192,785.266
35,823464,4226,7.192,785.266
35,573435,5600,7.66,4076.189
35,533535,5401,7.904,14413.653
35,1209290,4676,7.534,1019.14
35,1242372,5074,7.5,929.462
35,293660,4226,7.619,729.267
35,1209290,4693,7.534,1019.14
35,293660,4101,7.619,729.267
35,786892,5558,7.634,1125.287
35,1022789,5201,7.627,3423.663
35,974262,4635,7.009,844.835
35,293660,5394,7.619,729.267
35,799583,4592,7.153,1310.223
35,1022789,4527,7.627,3423.663
35,786892,4709,7.634,1125.287
36,653346,4297,7.169,1199.592
36,823464,4199,7.192,785.266
36,762441,4794,6.988,3508.073
37,748783,4785,7.19,1381.398
37,786892,5257,7.634,1125.287
37,748783,4143,7.19,1381.398
37,823464,5336,7.192,785.266
37,533535,4813,7.904,14413.653
37,533535,4926,7.904,14413.653
37,293660,5197,7.619,729.267
37,748783,4571,7.19,1381.398
37,1048241,3982,6.714,800.942
37,293660,4586,7.619,729.267
37,1209290,4418,7.534,1019.14
37,1242372,4277,7.5,929.462
38,519182,3807,7.274,3609.102
38,823464,3889,7.192,785.266
38,1048241,4124,6.714,800.942
38,1242372,4331,7.5,929.462
38,1309923,3011,6.113,1119.134
38,653346,3943,7.169,1199.592
39,1022789,5004,7.627,3423.663
39,573435,6012,7.66,4076.189
39,799583,3870,7.153,1310.223
39,653346,4420,7.169,1199.592
39,293660,4972,7.619,729.267
39,293660,4403,7.619,729.267
39,799583,4965,7.153,1310.223
39,573435,3737,7.66,4076.189
39,823464,4103,7.192,785.266
39,786892,4924,7.634,1125.287
39,533535,5443,7.904,14413.653
39,748783,4066,7.19,1381.398
39,1209290,3675,7.534,1019.14
39,533535,4206,7.904,14413.653
39,293660,4620,7.619,729.267
39,293660,5021,7.619,729.267
40,533535,5340,7.904,14413.653
40,533535,5538,7.904,14413.653
40,1066262,3990,6.6,1642.814
40,533535,5703,7.904,14413.653
40,1311550,3288,5.65,1688.764
40,533535,5326,7.904,14413.653
40,293660,4916,7.619,729.267
40,823464,5324,7.192,785.266
41,1242372,4727,7.5,929.462
41,573435,5082,7.66,4076.189
43,1209290,4604,7.534,1019.14
43,786892,5001,7.634,1125.287
43,1048241,3269,6.714,800.942
43,786892,4597,7.634,1125.287
43,1022789,5460,7.627,3423.663
43,1209290,4553,7.534,1019.14
44,519182,3604,7.274,3609.102
44,573435,5224,7.66,4076.189
44,748783,3861,7.19,1381.398
44,748783,3892,7.19,1381.398
44,786892,5188,7.634,1125.287
44,519182,4748,7.274,3609.102
44,533535,5194,7.904,14413.653
44,519182,4187,7.274,3609.102
44,1311550,3541,5.65,1688.764
44,293660,4566,7.619,729.267
44,1022789,5072,7.627,3423.663
44,857553,2485,4.5,843.312
44,653346,3901,7.169,1199.592
44,1022789,4376,7.627,3423.663
44,1242372,5207,7.5,929.462
44,533535,4960,7.904,14413.653
44,653346,3572,7.169,1199.592
44,1022789,4382,7.627,3423.663
44,1066262,3788,6.6,1642.814
45,293660,4645,7.619,729.267
45,823464,4700,7.192,785.266
45,1022789,5175,7.627,3423.663
45,519182,4976,7.274,3609.102
46,1022789,5194,7.627,3423.663
46,799583,3831,7.153,1310.223
46,533535,5133,7.904,14413.653
46,573435,4695,7.66,4076.189
46,533535,6058,7.904,14413.653
47,786892,5914,7.634,1125.287
47,573435,5337,7.66,4076.189
48,653346,4791,7.169,1199.592
48,786892,5715,7.634,1125.287
48,573435,4598,7.66,4076.189
48,799583,4463,7.153,1310.223
48,1209290,4559,7.534,1019.14
48,533535,5074,7.904,14413.653
48,748783,3823,7.19,1381.398
48,1066262,3977,6.6,1642.814
48,293660,5378,7.619,729.267
49,1066262,3765,6.6,1642.814
51,293660,5247,7.619,729.267
51,1048241,4268,6.714,800.942
51,748783,4991,7.19,1381.398
51,1066262,3449,6.6,1642.814
51,293660,5550,7.619,729.267
51,573435,4384,7.66,4076.189
51,762441,3252,6.988,3508.073
51,573435,4809,7.66,4076.189
51,573435,4438,7.66,4076.189
51,1242372,5067,7.5,929.462
51,573435,4730,7.66,4076.189
51,786892,5348,7.634,1125.287
51,293660,4679,7.619,729.267
52,786892,4744,7.634,1125.287
52,799583,4154,7.153,1310.223
52,519182,4812,7.274,3609.102
52,748783,3760,7.19,1381.398
52,293660,4572,7.619,729.267
53,1066262,3589,6.6,1642.814
53,1242372,3775,7.5,929.462
53,533535,5006,7.904,14413.653
53,786892,5035,7.634,1125.287
54,533535,5256,7.904,14413.653
54,1209290,4815,7.534,1019.14
54,1242372,4597,7.5,929.462
54,533535,5866,7.904,14413.653
54,1022789,3796,7.627,3423.663
54,786892,4151,7.634,1125.287
54,1242372,4709,7.5,929.462
54,653346,4000,7.169,1199.592
54,573435,4434,7.66,4076.189
55,573435,5313,7.66,4076.189
55,1309923,3586,6.113,1119.134
55,293660,5445,7.619,729.267
55,653346,4395,7.169,1199.592
55,799583,4616,7.153,1310.223
55,1242372,3897,7.5,929.462
55,533535,4938,7.904,14413.653
55,1022789,4849,7.627,3423.663
55,1209290,4254,7.534,1019.14
55,533535,5392,7.904,14413.653
55,799583,4227,7.153,1310.223
55,1048241,4242,6.714,800.942
55,786892,4596,7.634,1125.287
55,748783,4294,7.19,1381.398
55,786892,4308,7.634,1125.287
56,1022789,4840,7.627,3423.663
56,786892,4133,7.634,1125.287
56,1048241,3702,6.714,800.942
56,1242372,4757,7.5,929.462
56,533535,5985,7.904,14413.653
56,823464,3812,7.192,785.266
56,1022789,4724,7.627,3423.663
56,1311550,3050,5.65,1688.764
56,653346,5075,7.169,1199.592
56,519182,4171,7.274,3609.102
56,293660,5142,7.619,729.267
57,533535,5158,7.904,14413.653
57,974262,4397,7.009,844.835
57,1022789,5218,7.627,3423.663
57,573435,4883,7.66,4076.189
57,653346,5146,7.169,1199.592
58,653346,4193,7.169,1199.592
58,799583,4279,7.153,1310.223
58,1209290,4508,7.534,1019.14
58,799583,5229,7.153,1310.223
58,823464,4206,7.192,785.266
58,823464,4878,7.192,785.266
59,748783,3762,7.19,1381.398
59,1242372,5139,7.5,929.462
59,573435,5355,7.66,4076.189
59,573435,4434,7.66,4076.189
59,573435,4631,7.66,4076.189
59,799583,4620,7.153,1310.223
59,748783,5161,7.19,1381.398
59,653346,4373,7.169,1199.592
59,1022789,4813,7.627,3423.663
60,748783,3816,7.19,1381.398
60,799583,4240,7.153,1310.223
60,748783,4383,7.19,1381.398
60,1209290,4806,7.534,1019.14
60,1022789,4705,7.627,3423.663
60,1209290,4957,7.534,1019.14
60,533535,5478,7.904,14413.653
60,1022789,4632,7.627,3423.663
60,786892,5649,7.634,1125.287
60,533535,5664,7.904,14413.653
60,1242372,5155,7.5,929.462
60,533535,4762,7.904,14413.653
60,748783,4925,7.19,1381.398
60,1048241,4094,6.714,800.942
60,533535,5487,7.904,14413.653
60,653346,5375,7.169,1199.592
60,533535,4315,7.904,14413.653
60,974262,3458,7.009,844.835
60,1209290,5145,7.534,1019.14
60,786892,5275,7.634,1125.287
61,533535,4927,7.904,14413.653
61,533535,4340,7.904,14413.653
61,1242372,4635,7.5,929.462
61,1152624,2464,4.952,738.736
61,857553,2481,4.5,843.312
61,1209290,5599,7.534,1019.14
61,786892,5249,7.634,1125.287
61,519182,4502,7.274,3609.102
61,786892,4756,7.634,1125.287
61,1022789,5147,7.627,3423.663
61,573435,4787,7.66,4076.189
61,748783,4786,7.19,1381.398
62,1066262,3250,6.6,1642.814
62,1022789,5452,7.627,3423.663
62,1209290,5197,7.534,1019.14
62,1209290,4764,7.534,1019.14
62,573435,5420,7.66,4076.189
62,293660,4604,7.619,729.267
62,573435,4341,7.66,4076.189
62,1022789,5039,7.627,3423.663
62,519182,3902,7.274,3609.102
62,762441,4132,6.988,3508.073
63,823464,3810,7.192,785.266
63,799583,4025,7.153,1310.223
63,823464,4269,7.192,785.266
63,799583,4510,7.153,1310.223
63,519182,4368,7.274,3609.102
63,762441,3989,6.988,3508.073
63,293660,4688,7.619,729.267
63,1242372,4616,7.5,929.462
63,533535,4385,7.904,14413.653
63,799583,4876,7.153,1310.223
63,519182,4327,7.274,3609.102
64,974262,3822,7.009,844.835
64,1066262,3470,6.6,1642.814
65,1209290,4855,7.534,1019.14
65,519182,4436,7.274,3609.102
65,1022789,5341,7.627,3423.663
65,533535,5212,7.904,14413.653
65,974262,3297,7.009,844.835
65,786892,5522,7.634,1125.287
65,786892,5237,7.634,1125.287
65,1048241,4258,6.714,800.942
65,799583,5049,7.153,1310.223
65,533535,4743,7.904,14413.653
65,1209290,4631,7.534,1019.14
65,1209290,5345,7.534,1019.14
65,1209290,4682,7.534,1019.14
65,653346,4982,7.169,1199.592
65,786892,4717,7.634,1125.287
65,799583,4872,7.153,1310.223
65,748783,4092,7.19,1381.398
65,519182,4637,7.274,3609.102
65,748783,4655,7.19,1381.398
65,1311550,3466,5.65,1688.764
66,533535,4345,7.904,14413.653
67,1311550,2811,5.65,1688.764
67,1022789,4769,7.627,3423.663
67,533535,5328,7.904,14413.653
67,533535,5206,7.904,14413.653
67,799583,4072,7.153,1310.223
68,293660,5412,7.619,729.267
68,799583,4440,7.153,1310.223
68,293660,4894,7.619,729.267
68,748783,3971,7.19,1381.398
68,1311550,3265,5.65,1688.764
68,573435,5244,7.66,4076.189
68,1048241,4431,6.714,800.942
69,1022789,4822,7.627,3423.663
69,748783,4646,7.19,1381.398
69,1022789,4707,7.627,3423.663
69,533535,4870,7.904,14413.653
69,533535,4913,7.904,14413.653
69,1066262,3430,6.6,1642.814
69,519182,3788,7.274,3609.102
69,653346,4726,7.169,1199.592
69,762441,4217,6.988,3508.073
69,762441,3802,6.988,3508.073
70,1022789,4998,7.627,3423.663
70,974262,4022,7.009,844.835
70,519182,3872,7.274,3609.102
70,1311550,2935,5.65,1688.764
70,786892,4774,7.634,1125.287
70,533535,5336,7.904,14413.653
70,293660,4247,7.619,729.267
70,533535,4977,7.904,14413.653
70,748783,4417,7.19,1381.398
71,533535,5094,7.904,14413.653
71,823464,5120,7.192,785.266
71,293660,5020,7.619,729.267
71,748783,5310,7.19,1381.398
71,573435,4488,7.66,4076.189
71,533535,5099,7.904,14413.653
71,573435,6002,7.66,4076.189
71,786892,5741,7.634,1125.287
71,799583,4732,7.153,1310.223
71,293660,4997,7.619,729.267
71,748783,4225,7.19,1381.398
71,533535,5626,7.904,14413.653
71,799583,4215,7.153,1310.223
71,786892,4267,7.634,1125.287
72,533535,3917,7.904,14413.653
72,762441,4185,6.988,3508.073
72,748783,4602,7.19,1381.398
72,573435,5510,7.66,4076.189
72,974262,4473,7.009,844.835
72,293660,5185,7.619,729.267
72,1022789,4782,7.627,3423.663
72,799583,4499,7.153,1310.223
72,653346,4664,7.169,1199.592
72,1022789,4583,7.627,3423.663
72,653346,3917,7.169,1199.592
72,762441,4268,6.988,3508.073
73,823464,4457,7.192,785.266
73,1309923,4014,6.113,1119.134
73,748783,4959,7.19,1381.398
73,1209290,5265,7.534,1019.14
73,1022789,4380,7.627,3423.663
73,533535,6088,7.904,14413.653
73,1242372,4952,7.5,929.462
73,786892,4066,7.634,1125.287
73,762441,4500,6.988,3508.073
74,519182,5379,7.274,3609.102
74,1022789,3933,7.627,3423.663
74,786892,5121,7.634,1125.287
74,1209290,4694,7.534,1019.14
74,786892,5834,7.634,1125.287
74,1309923,3364,6.113,1119.134
74,974262,4650,7.009,844.835
74,573435,5325,7.66,4076.189
74,1209290,5182,7.534,1019.14
74,573435,4468,7.66,4076.189
74,786892,4577,7.634,1125.287
74,1066262,3689,6.6,1642.814
74,1209290,5226,7.534,1019.14
75,1209290,5334,7.534,1019.14
75,519182,4515,7.274,3609.102
75,974262,4153,7.009,844.835
75,519182,4382,7.274,3609.102
75,653346,3743,7.169,1199.592
75,1209290,4940,7.534,1019.14
75,519182,4784,7.274,3609.102
75,1242372,4700,7.5,929.462
75,1022789,4209,7.627,3423.663
75,762441,4030,6.988,3508.073
75,823464,4555,7.192,785.266
75,653346,4603,7.169,1199.592
75,1022789,5252,7.627,3423.663
75,1242372,5513,7.5,929.462
75,533535,4889,7.904,14413.653
75,573435,5508,7.66,4076.189
75,799583,4740,7.153,1310.223
76,1309923,3606,6.113,1119.134
76,533535,5080,7.904,14413.653
76,786892,5088,7.634,1125.287
76,823464,3938,7.192,785.266
76,823464,4815,7.192,785.266
77,786892,4513,7.634,1125.287
77,293660,4416,7.619,729.267
77,519182,4949,7.274,3609.102
77,573435,4355,7.66,4076.189
77,519182,5106,7.274,3609.102
77,1066262,3865,6.6,1642.814
77,1242372,5810,7.5,929.462
77,573435,4408,7.66,4076.189
77,1309923,3773,6.113,1119.134
77,1048241,3912,6.714,800.942
77,1242372,4663,7.5,929.462
77,533535,4869,7.904,14413.653
77,1242372,4636,7.5,929.462
77,748783,4696,7.19,1381.398
77,1022789,6096,7.627,3423.663
77,293660,4900,7.619,729.267
77,653346,4284,7.169,1199.592
77,762441,4737,6.988,3508.073
78,823464,4513,7.192,785.266
78,786892,4614,7.634,1125.287
78,653346,4649,7.169,1199.592
78,786892,4249,7.634,1125.287
78,533535,3992,7.904,14413.653
78,573435,4730,7.66,4076.189
78,799583,4495,7.153,1310.223
78,762441,4023,6.988,3508.073
78,1022789,5380,7.627,3423.663
78,1022789,5188,7.627,3423.663
78,293660,4127,7.619,729.267
78,519182,3988,7.274,3609.102
78,1022789,4624,7.627,3423.663
78,786892,4378,7.634,1125.287
78,519182,4232,7.274,3609.102
79,1209290,5274,7.534,1019.14
79,1209290,4522,7.534,1019.14
79,519182,4751,7.274,3609.102
79,1311550,3683,5.65,1688.764
79,762441,4234,6.988,3508.073
79,533535,4865,7.904,14413.653
79,1242372,3939,7.5,929.462
79,533535,5511,7.904,14413.653
79,1242372,4144,7.5,929.462
79,1066262,3878,6.6,1642.814
79,1309923,3564,6.113,1119.134
79,533535,5268,7.904,14413.653
79,519182,4493,7.274,3609.102
79,533535,5174,7.904,14413.653
80,1022789,4399,7.627,3423.663
80,823464,4127,7.192,785.266
80,1311550,3420,5.65,1688.764
80,1209290,4771,7.534,1019.14
80,573435,4484,7.66,4076.189
80,293660,4917,7.619,729.267
80,748783,4467,7.19,1381.398
80,573435,5166,7.66,4076.189
80,1022789,5179,7.627,3423.663
80,1209290,4597,7.534,1019.14
80,786892,4447,7.634,1125.287
80,823464,4699,7.192,785.266
80,799583,4681,7.153,1310.223
80,533535,5473,7.904,14413.653
80,1048241,4088,6.714,800.942
80,653346,4997,7.169,1199.592
80,823464,4454,7.192,785.266
80,293660,4678,7.619,729.267
80,786892,5382,7.634,1125.287
80,786892,5523,7.634,1125.287
81,293660,5236,7.619,729.267
81,799583,5091,7.153,1310.223
81,799583,4887,7.153,1310.223
81,533535,5804,7.904,14413.653
81,573435,4357,7.66,4076.189
81,974262,4288,7.009,844.835
81,1309923,3880,6.113,1119.134
81,786892,5543,7.634,1125.287
81,573435,5371,7.66,4076.189
81,1022789,4986,7.627,3423.663
81,974262,4837,7.009,844.835
81,823464,4666,7.192,785.266
81,519182,5050,7.274,3609.102
81,533535,5203,7.904,14413.653
81,823464,4930,7.192,785.266
81,762441,3805,6.988,3508.073
81,823464,4924,7.192,785.266
81,1209290,4837,7.534,1019.14
82,786892,4892,7.634,1125.287
82,799583,4063,7.153,1310.223
82,974262,4161,7.009,844.835
82,573435,4809,7.66,4076.189
82,1242372,4581,7.5,929.462
83,1242372,4806,7.5,929.462
83,533535,5073,7.904,14413.653
83,1311550,3701,5.65,1688.764
83,786892,5375,7.634,1125.287
84,533535,5577,7.904,14413.653
84,293660,4304,7.619,729.267
84,533535,4995,7.904,14413.653
84,573435,5387,7.66,4076.189
84,1022789,4111,7.627,3423.663
84,573435,4637,7.66,4076.189
84,519182,4375,7.274,3609.102
84,1066262,3464,6.6,1642.814
84,786892,4679,7.634,1125.287
84,799583,4506,7.153,1310.223
84,1022789,4416,7.627,3423.663
84,1309923,3423,6.113,1119.134
85,533535,5267,7.904,14413.653
85,653346,4454,7.169,1199.592
85,1022789,4114,7.627,3423.663
85,748783,3651,7.19,1381.398
85,533535,5378,7.904,14413.653
85,653346,4510,7.169,1199.592
85,653346,3818,7.169,1199.592
85,293660,5057,7.619,729.267
85,533535,5099,7.904,14413.653
85,799583,4543,7.153,1310.223
85,573435,4228,7.66,4076.189
85,1311550,2848,5.65,1688.764
86,533535,4968,7.904,14413.653
87,519182,4351,7.274,3609.102
88,786892,4191,7.634,1125.287
88,293660,5204,7.619,729.267
88,1152624,2852,4.952,738.736
88,786892,4964,7.634,1125.287
88,786892,4144,7.634,1125.287
88,653346,3731,7.169,1199.592
88,1066262,3221,6.6,1642.814
88,974262,3844,7.009,844.835
88,519182,4842,7.274,3609.102
88,573435,5087,7.66,4076.189
88,293660,5082,7.619,729.267
88,823464,4710,7.192,785.266
88,293660,4179,7.619,729.267
88,519182,4878,7.274,3609.102
88,1209290,4224,7.534,1019.14
88,653346,3541,7.169,1199.592
88,857553,2128,4.5,843.312
88,762441,4949,6.988,3508.073
89,1022789,5157,7.627,3423.663
89,786892,4669,7.634,1125.287
89,533535,4987,7.904,14413.653
89,823464,4464,7.192,785.266
90,573435,4817,7.66,4076.189
90,1311550,3004,5.65,1688.764
90,1022789,5136,7.627,3423.663
90,1022789,4727,7.627,3423.663
90,1309923,3424,6.113,1119.134
90,799583,4728,7.153,1310.223
90,799583,4925,7.153,1310.223
90,762441,3884,6.988,3508.073
90,823464,4401,7.192,785.266
90,1242372,5354,7.5,929.462
90,748783,4039,7.19,1381.398
90,1311550,3948,5.65,1688.764
90,533535,5909,7.904,14413.653
90,786892,4345,7.634,1125.287
90,1048241,3713,6.714,800.942
90,1209290,4291,7.534,1019.14
90,1209290,4823,7.534,1019.14
90,519182,3658,7.274,3609.102
91,762441,4267,6.988,3508.073
91,653346,4215,7.169,1199.592
91,799583,4136,7.153,1310.223
91,293660,5591,7.619,729.267
91,762441,3942,6.988,3508.073
91,762441,4301,6.988,3508.073
91,1209290,4807,7.534,1019.14
91,573435,5243,7.66,4076.189
91,573435,4379,7.66,4076.189
91,1309923,3732,6.113,1119.134
91,823464,4301,7.192,785.266
91,1242372,4710,7.5,929.462
91,786892,4801,7.634,1125.287
91,1022789,4456,7.627,3423.663
91,1022789,4653,7.627,3423.663
91,799583,4605,7.153,1310.223
91,1152624,2510,4.952,738.736
91,786892,4649,7.634,1125.287
91,293660,4886,7.619,729.267
92,653346,4732,7.169,1199.592
92,1022789,4388,7.627,3423.663
92,1311550,3612,5.65,1688.764
92,786892,4421,7.634,1125.287
92,799583,4224,7.153,1310.223
92,573435,4500,7.66,4076.189
92,533535,4209,7.904,14413.653
92,1309923,3803,6.113,1119.134
92,823464,4745,7.192,785.266
92,786892,4448,7.634,1125.287
92,823464,4305,7.192,785.266
92,1066262,3870,6.6,1642.814
92,748783,4809,7.19,1381.398
92,533535,4702,7.904,14413.653
92,1048241,3897,6.714,800.942
92,1209290,5081,7.534,1019.14
92,823464,3453,7.192,785.266
93,1048241,4084,6.714,800.942
93,1066262,3526,6.6,1642.814
93,293660,5106,7.619,729.267
93,573435,4784,7.66,4076.189
93,762441,4162,6.988,3508.073
93,1066262,4880,6.6,1642.814
93,1209290,4642,7.534,1019.14
95,1242372,4187,7.5,929.462
95,519182,4371,7.274,3609.102
95,762441,4282,6.988,3508.073
95,786892,4526,7.634,1125.287
95,799583,4754,7.153,1310.223
95,1242372,4841,7.5,929.462
95,519182,3944,7.274,3609.102
96,974262,3880,7.009,844.835
96,1048241,3504,6.714,800.942
96,823464,4637,7.192,785.266
96,573435,4893,7.66,4076.189
96,762441,4264,6.988,3508.073
96,748783,4848,7.19,1381.398
96,533535,4771,7.904,14413.653
96,799583,3733,7.153,1310.223
96,799583,4142,7.153,1310.223
96,1022789,4845,7.627,3423.663
96,799583,4444,7.153,1310.223
96,786892,4460,7.634,1125.287
96,1066262,4367,6.6,1642.814
96,1022789,5331,7.627,3423.663
97,533535,5492,7.904,14413.653
97,533535,5598,7.904,14413.653
97,519182,4181,7.274,3609.102
97,786892,4556,7.634,1125.287
97,799583,4177,7.153,1310.223
97,823464,4203,7.192,785.266
97,1242372,5594,7.5,929.462
97,799583,3936,7.153,1310.223
97,857553,2332,4.5,843.312
98,1242372,4582,7.5,929.462
99,974262,4952,7.009,844.835
99,573435,4570,7.66,4076.189
99,786892,4924,7.634,1125.287
99,1022789,3884,7.627,3423.663
99,533535,5438,7.904,14413.653
99,748783,4630,7.19,1381.398
99,653346,4734,7.169,1199.592
99,533535,5703,7.904,14413.653
99,653346,4366,7.169,1199.592
99,1311550,3839,5.65,1688.764
99,533535,4949,7.904,14413.653
100,786892,5041,7.634,1125.287
100,1209290,5008,7.534,1019.14
100,748783,5180,7.19,1381.398
100,1022789,4928,7.627,3423.663
100,974262,3632,7.009,844.835
100,293660,4989,7.619,729.267
